i_idx,j_idx,i_id,j_id,arm_i,arm_j,theta_rad,theta_deg,L_nm,D_nm,P,Psecond,Pmax_over_Psecond
9,18,58,41,0,1,0.193008679819418,11.058582763044475,7.614767584233856,7.602953587193941,0.6043441122414963,0.0,inf
2,6,37,34,0,0,0.6741389441939868,38.62531630772077,1.7353331012896414,1.7026590510035062,0.5969410965149798,0.0,inf
8,28,13,10,1,1,0.2444449251266076,14.005662533146026,10.11694005038029,10.09177049185391,0.5160944564540959,0.0,inf
13,17,4,7,1,0,0.40221912768906776,23.04545845601713,8.408889671398335,8.352321185225723,0.508390648874129,0.0,inf
4,16,14,9,1,1,0.16656519941168413,9.543482940044443,12.035246807694556,12.021338903739176,0.4927264930501781,0.3292433247912828,1.4965420889323486
9,25,58,57,1,0,0.3407298018734164,19.52237960167549,11.235524798681606,11.181253265817398,0.4590061965785499,0.0,inf
1,19,6,5,0,1,0.4334956733207431,24.837472518460462,10.50086255534896,10.41883437829519,0.44887310655796886,0.30808521116998777,1.4569771293251093
19,26,5,16,0,1,0.4139724245905638,23.718872763837044,12.276608487701433,12.18913436156151,0.41587378961800336,0.2928018400199911,1.4203250552988653
12,29,32,31,0,1,0.3341510127882891,19.145442752790967,14.428534110485502,14.361500847126292,0.39291819373264714,0.2751849998551003,1.4278328903811606
5,7,55,49,1,0,0.29675506191512174,17.00281259687991,16.63665202598283,16.575674067385137,0.36032360761626736,0.35904417242324843,1.0035634478743487
2,22,37,35,1,1,0.4366073568960269,25.0157588545044,16.38211756220163,16.25230820812276,0.3338515805855245,0.0,inf
3,10,46,47,1,0,0.2668584561849925,15.28986326677687,19.139572093029667,19.082831180305842,0.32404723904940136,0.2170522114932274,1.4929460373616719
3,18,46,41,0,0,0.25519110355762387,14.621373203137775,20.71456495595109,20.65840301625024,0.3017404856556183,0.0,inf
5,14,55,53,0,0,0.7041136670640216,40.34274142024803,17.734232684806297,17.37015429399236,0.26316756597897795,0.0,inf
24,27,26,28,1,0,0.3856522188592641,22.096244500491363,22.40264633111427,22.264075341247302,0.25521571650956637,0.21610900890864404,1.1809582478694998
